{"cameraMode":{"drawMode":0,"name":"Shaded","section":"Shading Mode"},"sceneLighting":false,"audioPlay":false,"sceneViewState":{"showFog":true,"showMaterialUpdate":false,"showSkybox":true,"showFlares":true,"showImageEffects":true,"showParticleSystems":true},"in2DMode":false,"pivot":{"x":11.546419143676758,"y":15.090095520019532,"z":-20.19475746154785},"rotation":{"x":0.23105129599571229,"y":-0.2709388732910156,"z":0.06716544181108475,"w":0.9320394992828369},"size":37.168460845947269,"orthographic":false}