{"cameraMode":{"drawMode":2,"name":"Shaded Wireframe","section":"Shading Mode"},"sceneLighting":true,"audioPlay":false,"sceneViewState":{"showFog":true,"showMaterialUpdate":false,"showSkybox":true,"showFlares":true,"showImageEffects":true,"showParticleSystems":true},"in2DMode":false,"pivot":{"x":540.8642578125,"y":-52.275875091552737,"z":280.44989013671877},"rotation":{"x":-0.23150919377803803,"y":-0.7399718165397644,"z":-0.31198325753211977,"w":0.5491011738777161},"size":-29.569923400878908,"orthographic":false}