{"cameraMode":{"drawMode":0,"name":"Shaded","section":"Shading Mode"},"sceneLighting":false,"audioPlay":false,"sceneViewState":{"showFog":true,"showMaterialUpdate":false,"showSkybox":true,"showFlares":true,"showImageEffects":true,"showParticleSystems":true},"in2DMode":false,"pivot":{"x":1.649080753326416,"y":2.3688478469848635,"z":-0.4359750747680664},"rotation":{"x":0.0095859719440341,"y":0.9902238249778748,"z":-0.10767244547605515,"w":0.08816498517990112},"size":18.240625381469728,"orthographic":false}