{"cameraMode":{"drawMode":0,"name":"Shaded","section":"Shading Mode"},"sceneLighting":false,"audioPlay":false,"sceneViewState":{"showFog":true,"showMaterialUpdate":false,"showSkybox":true,"showFlares":true,"showImageEffects":true,"showParticleSystems":true},"in2DMode":false,"pivot":{"x":2.286256790161133,"y":5.800851821899414,"z":-0.8820877075195313},"rotation":{"x":-0.05539679899811745,"y":0.9444571733474731,"z":-0.23745039105415345,"w":-0.22034050524234773},"size":48.543521881103519,"orthographic":false}